payment_id,order_id,amount,currency,status,method,captured_at,settlement_id,fees,tax,net_amount
pay_cfcd208495d565,ord_f899139df5e105,199.00,INR,captured,card,2026-08-01,setl_3644a684f98ea8,3.98,0.40,194.62
pay_c4ca4238a0b923,ord_38b3eff8baf566,299.00,INR,captured,upi,2026-08-02,setl_757b505cfd34c6,5.98,0.60,292.42
pay_c81e728d9d4c2f,ord_ec8956637a9978,499.00,INR,captured,netbanking,2026-08-03,setl_854d6fae5ee429,9.98,1.00,488.02
pay_eccbc87e4b5ce2,ord_6974ce5ac66061,599.00,INR,failed,wallet,2026-08-04,setl_e2c0be24560d78,11.98,1.20,585.82
pay_a87ff679a2f3e7,ord_c9e1074f5b3f9f,799.00,INR,captured,card,2026-08-05,setl_274ad4786c3abc,15.98,1.60,781.42
pay_e4da3b7fbbce23,ord_65b9eea6e1cc6b,999.00,INR,captured,upi,2026-08-06,setl_eae27d77ca20db,19.98,2.00,977.02
pay_1679091c5a880f,ord_f0935e4cd5920a,1499.00,INR,captured,netbanking,2026-08-07,setl_7eabe3a1649ffa,29.98,3.00,1466.02
pay_8f14e45fceea16,ord_a97da629b098b7,1999.00,INR,captured,wallet,2026-08-08,setl_69adc1e107f7f7,39.98,4.00,1955.02
pay_c9f0f895fb98ab,ord_a3c65c2974270f,2499.00,INR,captured,card,2026-08-09,setl_091d584fced301,49.98,5.00,2444.02
pay_45c48cce2e2d7f,ord_2723d092b63885,4999.00,INR,captured,upi,2026-08-10,setl_b1d10e7bafa442,99.98,10.00,4889.02
pay_d3d9446802a442,ord_5f93f983524def,199.00,INR,captured,netbanking,2026-08-11,setl_6f3ef77ac0e361,3.98,0.40,194.62
pay_6512bd43d9caa6,ord_698d51a19d8a12,299.00,INR,captured,wallet,2026-08-12,setl_eb163727917cbb,5.98,0.60,292.42
pay_c20ad4d76fe977,ord_7f6ffaa6bb0b40,499.00,INR,captured,card,2026-08-13,setl_1534b76d325a8f,9.98,1.00,488.02
pay_c51ce410c124a1,ord_73278a4a86960e,599.00,INR,captured,upi,2026-08-14,setl_979d472a84804b,11.98,1.20,585.82
pay_aab3238922bcc2,ord_5fd0b37cd7dbbb,799.00,INR,captured,netbanking,2026-08-15,setl_ca46c1b9512a7a,15.98,1.60,781.42
pay_9bf31c7ff06293,ord_2b44928ae11fb9,999.00,INR,captured,wallet,2026-08-16,setl_3b8a614226a953,19.98,2.00,977.02
pay_c74d97b01eae25,ord_c45147dee72931,1499.00,INR,captured,card,2026-08-17,setl_45fbc6d3e05ebd,29.98,3.00,1466.02
pay_70efdf2ec9b086,ord_eb160de1de89d9,1999.00,INR,captured,upi,2026-08-18,setl_63dc7ed1010d3c,39.98,4.00,1955.02
pay_6f4922f4556816,ord_5ef059938ba799,2499.00,INR,captured,netbanking,2026-08-19,setl_e96ed478dab859,49.98,5.00,2444.02
pay_1f0e3dad999083,ord_07e1cd7dca89a1,4999.00,INR,captured,wallet,2026-08-20,setl_c0e190d8267e36,99.98,10.00,4889.02
pay_98f13708210194,ord_da4fb5c6e93e74,199.00,INR,captured,card,2026-08-01,setl_ec8ce6abb3e952,3.98,0.40,194.62
pay_3c59dc048e8850,ord_4c56ff4ce4aaf9,299.00,INR,captured,upi,2026-08-02,setl_060ad92489947d,5.98,0.60,292.42
pay_b6d767d2f8ed5d,ord_a0a080f42e6f13,499.00,INR,failed,netbanking,2026-08-03,setl_bcbe3365e6ac95,9.98,1.00,488.02
pay_37693cfc748049,ord_202cb962ac5907,599.00,INR,captured,wallet,2026-08-04,setl_115f8950313841,11.98,1.20,585.82
pay_1ff1de774005f8,ord_c8ffe9a587b126,799.00,INR,captured,card,2026-08-05,setl_13fe9d84310e77,15.98,1.60,781.42
pay_8e296a067a3756,ord_3def184ad8f475,999.00,INR,captured,upi,2026-08-06,setl_d1c38a09acc348,19.98,2.00,977.02
pay_4e732ced3463d0,ord_069059b7ef840f,1499.00,INR,captured,netbanking,2026-08-07,setl_9cfdf10e8fc047,29.98,3.00,1466.02
pay_02e74f10e0327a,ord_ec5decca5ed3d6,1999.00,INR,captured,wallet,2026-08-08,setl_705f2172834666,39.98,4.00,1955.02
pay_33e75ff09dd601,ord_76dc611d6ebaaf,2499.00,INR,captured,card,2026-08-09,setl_74db120f0a8e56,49.98,5.00,2444.02
pay_6ea9ab1baa0efb,ord_d1f491a404d685,4999.00,INR,captured,upi,2026-08-10,setl_57aeee35c98205,99.98,10.00,4889.02
pay_34173cb38f07f8,ord_9b8619251a1905,199.00,INR,captured,netbanking,2026-08-11,setl_6da9003b743b65,3.98,0.40,194.62
pay_c16a5320fa4755,ord_1afa34a7f984ee,299.00,INR,captured,wallet,2026-08-12,setl_9b04d152845ec0,5.98,0.60,292.42
pay_6364d3f0f495b6,ord_65ded5353c5ee4,499.00,INR,captured,card,2026-08-13,setl_be83ab3ecd0db7,9.98,1.00,488.02
pay_182be0c5cdcd50,ord_9fc3d7152ba933,599.00,INR,captured,upi,2026-08-14,setl_e165421110ba03,11.98,1.20,585.82
pay_e369853df766fa,ord_02522a2b2726fb,799.00,INR,captured,netbanking,2026-08-15,setl_289dff07669d7a,15.98,1.60,781.42
pay_1c383cd30b7c29,ord_7f1de29e6da19d,999.00,INR,captured,wallet,2026-08-16,setl_577ef1154f3240,19.98,2.00,977.02
pay_19ca14e7ea6328,ord_42a0e188f5033b,1499.00,INR,captured,card,2026-08-17,setl_01161aaa0b6d13,29.98,3.00,1466.02
pay_a5bfc9e07964f8,ord_3988c7f88ebcb5,1999.00,INR,captured,upi,2026-08-18,setl_539fd53b59e3bb,39.98,4.00,1955.02
pay_a5771bce93e200,ord_013d407166ec4f,2499.00,INR,failed,netbanking,2026-08-19,setl_ac1dd209cbcc5e,49.98,5.00,2444.02
pay_d67d8ab4f4c10b,ord_e00da03b685a0d,4999.00,INR,captured,wallet,2026-08-20,setl_555d6702c950ec,99.98,10.00,4889.02
pay_d645920e395fed,ord_1385974ed5904a,199.00,INR,captured,card,2026-08-01,setl_335f5352088d7d,3.98,0.40,194.62
pay_3416a75f4cea91,ord_0f28b5d49b3020,299.00,INR,captured,upi,2026-08-02,setl_f340f1b1f65b6d,5.98,0.60,292.42
pay_a1d0c6e83f0273,ord_a8baa56554f963,499.00,INR,captured,netbanking,2026-08-03,setl_e4a6222cdb5b34,9.98,1.00,488.02
pay_17e62166fc8586,ord_903ce9225fca3e,599.00,INR,captured,wallet,2026-08-04,setl_cb70ab37566257,11.98,1.20,585.82
pay_f7177163c833df,ord_0a09c8844ba8f0,799.00,INR,captured,card,2026-08-05,setl_9188905e74c28e,15.98,1.60,781.42
pay_6c8349cc7260ae,ord_2b24d495052a8c,999.00,INR,captured,upi,2026-08-06,setl_0266e33d3f546c,19.98,2.00,977.02
pay_d9d4f495e875a2,ord_a5e00132373a70,1499.00,INR,captured,netbanking,2026-08-07,setl_38db3aed920cf8,29.98,3.00,1466.02
pay_67c6a1e7ce56d3,ord_8d5e957f297893,1999.00,INR,captured,wallet,2026-08-08,setl_3cec07e9ba5f5b,39.98,4.00,1955.02
pay_642e92efb79421,ord_47d1e990583c9c,2499.00,INR,captured,card,2026-08-09,setl_621bf66ddb7c96,49.98,5.00,2444.02
pay_f457c545a9ded8,ord_f2217062e9a397,4999.00,INR,captured,upi,2026-08-10,setl_077e29b11be80a,99.98,10.00,4889.02
pay_c0c7c76d30bd3d,ord_7ef605fc8dba54,199.00,INR,captured,netbanking,2026-08-11,setl_6c9882bbac1c70,3.98,0.40,194.62
pay_2838023a778dfa,ord_a8f15eda80c50a,299.00,INR,captured,wallet,2026-08-12,setl_19f3cd308f1455,5.98,0.60,292.42
pay_9a1158154dfa42,ord_37a749d808e464,499.00,INR,captured,card,2026-08-13,setl_03c6b06952c750,9.98,1.00,488.02
pay_d82c8d1619ad81,ord_b3e3e393c77e35,599.00,INR,captured,upi,2026-08-14,setl_c24cd76e1ce413,11.98,1.20,585.82
pay_a684eceee76fc5,ord_1d7f7abc18fcb4,799.00,INR,captured,netbanking,2026-08-15,setl_c52f1bd66cc19d,15.98,1.60,781.42
pay_b53b3a3d6ab90c,ord_2a79ea27c279e4,999.00,INR,failed,wallet,2026-08-16,setl_fe131d7f5a6b38,19.98,2.00,977.02
pay_9f61408e3afb63,ord_1c9ac0159c94d8,1499.00,INR,captured,card,2026-08-17,setl_f718499c1c8cef,29.98,3.00,1466.02
pay_72b32a1f754ba1,ord_6c4b761a28b734,1999.00,INR,captured,upi,2026-08-18,setl_d96409bf894217,39.98,4.00,1955.02
